"ticker","name","date","open","high","low","close","adjusted close","volume"
"RWAY","Runway Growth Finance Corp. - Common Stock","2021-10-21 09:30:00-04:00",14.600000381469728,14.600000381469728,14.600000381469728,14.600000381469728,14.600000381469728,0
"RWAY","Runway Growth Finance Corp. - Common Stock","2021-10-21 12:30:00-04:00",12.850000381469728,13.289999961853027,12.40999984741211,13.029999732971191,13.029999732971191,1626438
"RWAY","Runway Growth Finance Corp. - Common Stock","2021-10-21 13:30:00-04:00",13.029999732971191,13.119999885559082,12.859999656677246,12.9399995803833,12.9399995803833,317644
"RWAY","Runway Growth Finance Corp. - Common Stock","2021-10-21 14:30:00-04:00",12.9399995803833,13.010000228881836,12.850000381469728,12.895000457763672,12.895000457763672,312073
"RWAY","Runway Growth Finance Corp. - Common Stock","2021-10-21 15:30:00-04:00",12.899999618530272,12.928000450134276,12.649999618530272,12.850000381469728,12.850000381469728,350441
"RWAY","Runway Growth Finance Corp. - Common Stock","2021-10-21 16:00:00-04:00",12.9,13.03,12.72,12.72,12.72,0
"RWAY","Runway Growth Finance Corp. - Common Stock","2021-10-21 17:00:00-04:00",12.92,12.92,12.92,12.92,12.92,0
"RWAY","Runway Growth Finance Corp. - Common Stock","2021-10-22 07:00:00-04:00",12.9,12.9,12.9,12.9,12.9,0
"RWAY","Runway Growth Finance Corp. - Common Stock","2021-10-22 09:00:00-04:00",12.9,12.9,12.55,12.55,12.55,0
"RWAY","Runway Growth Finance Corp. - Common Stock","2021-10-22 09:30:00-04:00",12.510000228881836,13.0,12.510000228881836,12.779999732971191,12.779999732971191,216746
"RWAY","Runway Growth Finance Corp. - Common Stock","2021-10-22 10:30:00-04:00",12.80500030517578,12.989999771118164,12.720000267028809,12.729999542236328,12.729999542236328,56152
"RWAY","Runway Growth Finance Corp. - Common Stock","2021-10-22 11:30:00-04:00",12.760000228881836,12.81999969482422,12.600000381469728,12.800000190734863,12.800000190734863,73531
"RWAY","Runway Growth Finance Corp. - Common Stock","2021-10-22 12:30:00-04:00",12.75,12.800000190734863,12.600000381469728,12.649999618530272,12.649999618530272,60350
"RWAY","Runway Growth Finance Corp. - Common Stock","2021-10-22 13:30:00-04:00",12.6899995803833,12.710000038146973,12.510000228881836,12.649999618530272,12.649999618530272,69480
"RWAY","Runway Growth Finance Corp. - Common Stock","2021-10-22 14:30:00-04:00",12.75,12.760000228881836,12.609999656677246,12.729999542236328,12.729999542236328,41096
"RWAY","Runway Growth Finance Corp. - Common Stock","2021-10-22 15:30:00-04:00",12.729999542236328,12.729999542236328,12.520000457763672,12.529999732971191,12.529999732971191,101639
"RWAY","Runway Growth Finance Corp. - Common Stock","2021-10-22 16:00:00-04:00",12.53,12.53,12.01,12.24,12.24,0
"RWAY","Runway Growth Finance Corp. - Common Stock","2021-10-25 09:30:00-04:00",12.029999732971191,12.979999542236328,12.029999732971191,12.93000030517578,12.93000030517578,88060
"RWAY","Runway Growth Finance Corp. - Common Stock","2021-10-25 10:30:00-04:00",12.93000030517578,13.0,12.670000076293944,12.920000076293944,12.920000076293944,140495
"RWAY","Runway Growth Finance Corp. - Common Stock","2021-10-25 11:30:00-04:00",12.904999732971191,12.93000030517578,12.65999984741211,12.800000190734863,12.800000190734863,83339
"RWAY","Runway Growth Finance Corp. - Common Stock","2021-10-25 12:30:00-04:00",12.770000457763672,12.8100004196167,12.510000228881836,12.5600004196167,12.5600004196167,79863
"RWAY","Runway Growth Finance Corp. - Common Stock","2021-10-25 13:30:00-04:00",12.579999923706056,12.960000038146973,12.579999923706056,12.93000030517578,12.93000030517578,55621
"RWAY","Runway Growth Finance Corp. - Common Stock","2021-10-25 14:30:00-04:00",12.895000457763672,12.989999771118164,12.800000190734863,12.84000015258789,12.84000015258789,82102
"RWAY","Runway Growth Finance Corp. - Common Stock","2021-10-25 15:30:00-04:00",12.880000114440918,12.989999771118164,12.65999984741211,12.81999969482422,12.81999969482422,84846
"RWAY","Runway Growth Finance Corp. - Common Stock","2021-10-25 16:00:00-04:00",12.81,12.99,12.81,12.99,12.99,0
"RWAY","Runway Growth Finance Corp. - Common Stock","2021-10-26 08:00:00-04:00",12.54,12.54,12.54,12.54,12.54,0
"RWAY","Runway Growth Finance Corp. - Common Stock","2021-10-26 09:30:00-04:00",12.770000457763672,13.0,12.65999984741211,12.920000076293944,12.920000076293944,87674
"RWAY","Runway Growth Finance Corp. - Common Stock","2021-10-26 10:30:00-04:00",12.9399995803833,12.949999809265137,12.68000030517578,12.899999618530272,12.899999618530272,73236
"RWAY","Runway Growth Finance Corp. - Common Stock","2021-10-26 11:30:00-04:00",12.920000076293944,12.9399995803833,12.836400032043455,12.89009952545166,12.89009952545166,37680
"RWAY","Runway Growth Finance Corp. - Common Stock","2021-10-26 12:30:00-04:00",12.890000343322754,12.93000030517578,12.859999656677246,12.90999984741211,12.90999984741211,38281
"RWAY","Runway Growth Finance Corp. - Common Stock","2021-10-26 13:30:00-04:00",12.920000076293944,12.949000358581545,12.80500030517578,12.899999618530272,12.899999618530272,69143
"RWAY","Runway Growth Finance Corp. - Common Stock","2021-10-26 14:30:00-04:00",12.899999618530272,12.9399995803833,12.770000457763672,12.90999984741211,12.90999984741211,70384
"RWAY","Runway Growth Finance Corp. - Common Stock","2021-10-26 15:30:00-04:00",12.90999984741211,12.90999984741211,12.68000030517578,12.779999732971191,12.779999732971191,38426
"RWAY","Runway Growth Finance Corp. - Common Stock","2021-10-26 16:00:00-04:00",12.84,12.84,12.84,12.84,12.84,658
"RWAY","Runway Growth Finance Corp. - Common Stock","2021-10-27 09:30:00-04:00",12.720000267028809,12.949999809265137,12.720000267028809,12.890000343322754,12.890000343322754,0
"RWAY","Runway Growth Finance Corp. - Common Stock","2021-10-27 10:30:00-04:00",12.890000343322754,12.899999618530272,12.65030002593994,12.720000267028809,12.720000267028809,28957
"RWAY","Runway Growth Finance Corp. - Common Stock","2021-10-27 11:30:00-04:00",12.75,12.850000381469728,12.600000381469728,12.850000381469728,12.850000381469728,79093
"RWAY","Runway Growth Finance Corp. - Common Stock","2021-10-27 12:30:00-04:00",12.850000381469728,12.859999656677246,12.729999542236328,12.829999923706056,12.829999923706056,31854
"RWAY","Runway Growth Finance Corp. - Common Stock","2021-10-27 13:30:00-04:00",12.829999923706056,12.84000015258789,12.699999809265137,12.779999732971191,12.779999732971191,13478
"RWAY","Runway Growth Finance Corp. - Common Stock","2021-10-27 14:30:00-04:00",12.789999961853027,12.880000114440918,12.699999809265137,12.720000267028809,12.720000267028809,18121
"RWAY","Runway Growth Finance Corp. - Common Stock","2021-10-27 15:30:00-04:00",12.729999542236328,12.899999618530272,12.609999656677246,12.6899995803833,12.6899995803833,62196
"RWAY","Runway Growth Finance Corp. - Common Stock","2021-10-27 16:00:00-04:00",12.69,12.69,12.69,12.69,12.69,1313
"RWAY","Runway Growth Finance Corp. - Common Stock","2021-10-28 09:30:00-04:00",12.649999618530272,12.899999618530272,12.649999618530272,12.890000343322754,12.890000343322754,0
"RWAY","Runway Growth Finance Corp. - Common Stock","2021-10-28 10:30:00-04:00",12.890000343322754,12.890000343322754,12.760000228881836,12.779999732971191,12.779999732971191,83802
"RWAY","Runway Growth Finance Corp. - Common Stock","2021-10-28 11:30:00-04:00",12.779999732971191,12.899999618530272,12.739999771118164,12.760000228881836,12.760000228881836,110057
"RWAY","Runway Growth Finance Corp. - Common Stock","2021-10-28 12:30:00-04:00",12.779999732971191,12.899999618530272,12.770000457763672,12.899999618530272,12.899999618530272,33847
"RWAY","Runway Growth Finance Corp. - Common Stock","2021-10-28 13:30:00-04:00",12.895000457763672,12.899999618530272,12.770000457763672,12.795000076293944,12.795000076293944,82367
"RWAY","Runway Growth Finance Corp. - Common Stock","2021-10-28 14:30:00-04:00",12.779999732971191,12.899999618530272,12.68000030517578,12.899999618530272,12.899999618530272,77108
"RWAY","Runway Growth Finance Corp. - Common Stock","2021-10-28 15:30:00-04:00",12.899999618530272,12.989999771118164,12.375,12.450599670410156,12.450599670410156,155457
"RWAY","Runway Growth Finance Corp. - Common Stock","2021-10-28 16:00:00-04:00",12.48,12.48,12.25,12.25,12.25,0
"RWAY","Runway Growth Finance Corp. - Common Stock","2021-10-29 09:30:00-04:00",12.75,12.850000381469728,12.75,12.81999969482422,12.81999969482422,56226
"RWAY","Runway Growth Finance Corp. - Common Stock","2021-10-29 10:30:00-04:00",12.81999969482422,13.010000228881836,12.789999961853027,12.901700019836426,12.901700019836426,79478
"RWAY","Runway Growth Finance Corp. - Common Stock","2021-10-29 11:30:00-04:00",12.9399995803833,13.0,12.869999885559082,13.0,13.0,55540
"RWAY","Runway Growth Finance Corp. - Common Stock","2021-10-29 12:30:00-04:00",12.979999542236328,13.0,12.899999618530272,12.970000267028809,12.970000267028809,42154
"RWAY","Runway Growth Finance Corp. - Common Stock","2021-10-29 13:30:00-04:00",12.970000267028809,12.989999771118164,12.92609977722168,12.949999809265137,12.949999809265137,34061
"RWAY","Runway Growth Finance Corp. - Common Stock","2021-10-29 14:30:00-04:00",12.960000038146973,13.0,12.850000381469728,12.970000267028809,12.970000267028809,61417
"RWAY","Runway Growth Finance Corp. - Common Stock","2021-10-29 15:30:00-04:00",12.960000038146973,13.079999923706056,12.890000343322754,12.949999809265137,12.949999809265137,195673
"RWAY","Runway Growth Finance Corp. - Common Stock","2021-10-29 16:00:00-04:00",12.95,12.95,12.95,12.95,12.95,4774
"RWAY","Runway Growth Finance Corp. - Common Stock","2021-11-01 09:30:00-04:00",12.989999771118164,13.109999656677246,12.949999809265137,13.010000228881836,13.010000228881836,0
"RWAY","Runway Growth Finance Corp. - Common Stock","2021-11-01 10:30:00-04:00",13.029999732971191,13.0600004196167,12.94499969482422,13.020000457763672,13.020000457763672,37893
"RWAY","Runway Growth Finance Corp. - Common Stock","2021-11-01 11:30:00-04:00",13.010000228881836,13.029999732971191,12.92360019683838,12.949999809265137,12.949999809265137,39442
"RWAY","Runway Growth Finance Corp. - Common Stock","2021-11-01 12:30:00-04:00",12.949999809265137,13.0,12.90999984741211,12.949999809265137,12.949999809265137,39000
"RWAY","Runway Growth Finance Corp. - Common Stock","2021-11-01 13:30:00-04:00",12.949999809265137,12.949999809265137,12.720000267028809,12.81999969482422,12.81999969482422,42880
"RWAY","Runway Growth Finance Corp. - Common Stock","2021-11-01 14:30:00-04:00",12.8100004196167,12.949999809265137,12.8100004196167,12.9399995803833,12.9399995803833,26140
"RWAY","Runway Growth Finance Corp. - Common Stock","2021-11-01 15:30:00-04:00",12.93000030517578,12.960000038146973,12.800000190734863,12.859999656677246,12.859999656677246,53682
"RWAY","Runway Growth Finance Corp. - Common Stock","2021-11-01 16:00:00-04:00",12.88,12.88,12.88,12.88,12.88,0
"RWAY","Runway Growth Finance Corp. - Common Stock","2021-11-02 08:00:00-04:00",12.88,12.88,12.88,12.88,12.88,0
"RWAY","Runway Growth Finance Corp. - Common Stock","2021-11-02 09:30:00-04:00",12.760000228881836,13.0,12.520000457763672,12.989999771118164,12.989999771118164,25524
"RWAY","Runway Growth Finance Corp. - Common Stock","2021-11-02 10:30:00-04:00",13.010000228881836,13.039999961853027,12.869999885559082,12.989999771118164,12.989999771118164,52058
"RWAY","Runway Growth Finance Corp. - Common Stock","2021-11-02 11:30:00-04:00",12.979999542236328,13.020000457763672,12.899999618530272,12.979999542236328,12.979999542236328,47164
"RWAY","Runway Growth Finance Corp. - Common Stock","2021-11-02 12:30:00-04:00",12.994999885559082,13.010000228881836,12.920000076293944,12.975000381469728,12.975000381469728,36580
"RWAY","Runway Growth Finance Corp. - Common Stock","2021-11-02 13:30:00-04:00",12.960000038146973,13.029999732971191,12.8100004196167,12.890000343322754,12.890000343322754,20683
"RWAY","Runway Growth Finance Corp. - Common Stock","2021-11-02 14:30:00-04:00",12.869999885559082,12.914999961853027,12.84000015258789,12.899999618530272,12.899999618530272,31761
"RWAY","Runway Growth Finance Corp. - Common Stock","2021-11-02 15:30:00-04:00",12.899999618530272,12.904999732971191,12.75,12.800000190734863,12.800000190734863,53142
"RWAY","Runway Growth Finance Corp. - Common Stock","2021-11-02 16:00:00-04:00",12.84,12.84,12.84,12.84,12.84,0
"RWAY","Runway Growth Finance Corp. - Common Stock","2021-11-03 09:30:00-04:00",12.81470012664795,12.979999542236328,12.770000457763672,12.869999885559082,12.869999885559082,11343
"RWAY","Runway Growth Finance Corp. - Common Stock","2021-11-03 10:30:00-04:00",12.914999961853027,13.0,12.899999618530272,13.0,13.0,3162
"RWAY","Runway Growth Finance Corp. - Common Stock","2021-11-03 11:30:00-04:00",12.96500015258789,13.0,12.779999732971191,12.899999618530272,12.899999618530272,16441
"RWAY","Runway Growth Finance Corp. - Common Stock","2021-11-03 12:30:00-04:00",12.850000381469728,12.960000038146973,12.779999732971191,12.859999656677246,12.859999656677246,15707
"RWAY","Runway Growth Finance Corp. - Common Stock","2021-11-03 13:30:00-04:00",12.850000381469728,12.949999809265137,12.800000190734863,12.920000076293944,12.920000076293944,19835
"RWAY","Runway Growth Finance Corp. - Common Stock","2021-11-03 14:30:00-04:00",12.93000030517578,12.93000030517578,12.789999961853027,12.829999923706056,12.829999923706056,21015
"RWAY","Runway Growth Finance Corp. - Common Stock","2021-11-03 15:30:00-04:00",12.8100004196167,12.880000114440918,12.789999961853027,12.81999969482422,12.81999969482422,27114
"RWAY","Runway Growth Finance Corp. - Common Stock","2021-11-03 16:00:00-04:00",12.84,12.84,12.84,12.84,12.84,605
"RWAY","Runway Growth Finance Corp. - Common Stock","2021-11-04 07:00:00-04:00",12.84,12.84,12.01,12.54,12.54,0
"RWAY","Runway Growth Finance Corp. - Common Stock","2021-11-04 09:30:00-04:00",12.850000381469728,12.949999809265137,12.800000190734863,12.899999618530272,12.899999618530272,31551
"RWAY","Runway Growth Finance Corp. - Common Stock","2021-11-04 10:30:00-04:00",12.890000343322754,12.890000343322754,12.800000190734863,12.8149995803833,12.8149995803833,14944
"RWAY","Runway Growth Finance Corp. - Common Stock","2021-11-04 11:30:00-04:00",12.81999969482422,12.859999656677246,12.8100004196167,12.824999809265137,12.824999809265137,13216
"RWAY","Runway Growth Finance Corp. - Common Stock","2021-11-04 12:30:00-04:00",12.824999809265137,12.84000015258789,12.579999923706056,12.600000381469728,12.600000381469728,57427
"RWAY","Runway Growth Finance Corp. - Common Stock","2021-11-04 13:30:00-04:00",12.579999923706056,12.75,12.550000190734863,12.699999809265137,12.699999809265137,27525
"RWAY","Runway Growth Finance Corp. - Common Stock","2021-11-04 14:30:00-04:00",12.699999809265137,12.710000038146973,12.611000061035156,12.670000076293944,12.670000076293944,24831
"RWAY","Runway Growth Finance Corp. - Common Stock","2021-11-04 15:30:00-04:00",12.670000076293944,12.68000030517578,12.65999984741211,12.670000076293944,12.670000076293944,20150
"RWAY","Runway Growth Finance Corp. - Common Stock","2021-11-04 16:00:00-04:00",12.67,12.67,12.67,12.67,12.67,693
"RWAY","Runway Growth Finance Corp. - Common Stock","2021-11-05 09:00:00-04:00",12.41,12.56,12.41,12.53,12.53,0
"RWAY","Runway Growth Finance Corp. - Common Stock","2021-11-05 09:30:00-04:00",12.369999885559082,12.65999984741211,12.06999969482422,12.09000015258789,12.09000015258789,31316
"RWAY","Runway Growth Finance Corp. - Common Stock","2021-11-05 10:30:00-04:00",12.09000015258789,12.229999542236328,11.84000015258789,12.039999961853027,12.039999961853027,55159
"RWAY","Runway Growth Finance Corp. - Common Stock","2021-11-05 11:30:00-04:00",12.039999961853027,12.220000267028809,12.0,12.114999771118164,12.114999771118164,18074
"RWAY","Runway Growth Finance Corp. - Common Stock","2021-11-05 12:30:00-04:00",12.06470012664795,12.270000457763672,12.0600004196167,12.270000457763672,12.270000457763672,52054
"RWAY","Runway Growth Finance Corp. - Common Stock","2021-11-05 13:30:00-04:00",12.43000030517578,12.43000030517578,12.109999656677246,12.109999656677246,12.109999656677246,44368
"RWAY","Runway Growth Finance Corp. - Common Stock","2021-11-05 14:30:00-04:00",12.109999656677246,12.1899995803833,12.100000381469728,12.18000030517578,12.18000030517578,22756
"RWAY","Runway Growth Finance Corp. - Common Stock","2021-11-05 15:30:00-04:00",12.140000343322754,12.199999809265137,12.100000381469728,12.140000343322754,12.140000343322754,25909
"RWAY","Runway Growth Finance Corp. - Common Stock","2021-11-05 16:00:00-04:00",12.1,12.1,12.1,12.1,12.1,413
"RWAY","Runway Growth Finance Corp. - Common Stock","2021-11-05 18:00:00-04:00",11.76,11.76,11.76,11.76,11.76,0
"RWAY","Runway Growth Finance Corp. - Common Stock","2021-11-08 09:30:00-05:00",12.15999984741211,12.449999809265137,12.020000457763672,12.199999809265137,12.199999809265137,33870
"RWAY","Runway Growth Finance Corp. - Common Stock","2021-11-08 10:30:00-05:00",12.199999809265137,12.274999618530272,12.119999885559082,12.199999809265137,12.199999809265137,36477
"RWAY","Runway Growth Finance Corp. - Common Stock","2021-11-08 11:30:00-05:00",12.199999809265137,12.199999809265137,12.029999732971191,12.06999969482422,12.06999969482422,41079
"RWAY","Runway Growth Finance Corp. - Common Stock","2021-11-08 12:30:00-05:00",12.0600004196167,12.106300354003906,12.0,12.050000190734863,12.050000190734863,52408
"RWAY","Runway Growth Finance Corp. - Common Stock","2021-11-08 13:30:00-05:00",12.050000190734863,12.079999923706056,11.850000381469728,11.949999809265137,11.949999809265137,33118
"RWAY","Runway Growth Finance Corp. - Common Stock","2021-11-08 14:30:00-05:00",11.960000038146973,12.109999656677246,11.949999809265137,12.050000190734863,12.050000190734863,33953
"RWAY","Runway Growth Finance Corp. - Common Stock","2021-11-08 15:30:00-05:00",12.05500030517578,12.119999885559082,12.010000228881836,12.050000190734863,12.050000190734863,31751
"RWAY","Runway Growth Finance Corp. - Common Stock","2021-11-08 16:00:00-05:00",12.05,12.05,12.05,12.05,12.05,350
"RWAY","Runway Growth Finance Corp. - Common Stock","2021-11-09 09:30:00-05:00",12.149999618530272,12.149999618530272,11.869999885559082,12.079999923706056,12.079999923706056,0
"RWAY","Runway Growth Finance Corp. - Common Stock","2021-11-09 10:30:00-05:00",12.050000190734863,12.170000076293944,12.050000190734863,12.06999969482422,12.06999969482422,42179
"RWAY","Runway Growth Finance Corp. - Common Stock","2021-11-09 11:30:00-05:00",12.06999969482422,12.1899995803833,12.06999969482422,12.149999618530272,12.149999618530272,10998
"RWAY","Runway Growth Finance Corp. - Common Stock","2021-11-09 12:30:00-05:00",12.109999656677246,12.220000267028809,12.109999656677246,12.210000038146973,12.210000038146973,7778
"RWAY","Runway Growth Finance Corp. - Common Stock","2021-11-09 13:30:00-05:00",12.220000267028809,12.31999969482422,12.170000076293944,12.25,12.25,9453
"RWAY","Runway Growth Finance Corp. - Common Stock","2021-11-09 14:30:00-05:00",12.25,12.380000114440918,12.25,12.270000457763672,12.270000457763672,14937
"RWAY","Runway Growth Finance Corp. - Common Stock","2021-11-09 15:30:00-05:00",12.25,12.31999969482422,12.25,12.300000190734863,12.300000190734863,12904
"RWAY","Runway Growth Finance Corp. - Common Stock","2021-11-09 16:00:00-05:00",12.3,12.3,12.3,12.3,12.3,535
"RWAY","Runway Growth Finance Corp. - Common Stock","2021-11-10 09:30:00-05:00",12.260000228881836,12.600000381469728,12.140000343322754,12.390000343322754,12.390000343322754,0
"RWAY","Runway Growth Finance Corp. - Common Stock","2021-11-10 10:30:00-05:00",12.390000343322754,12.460000038146973,12.279999732971191,12.460000038146973,12.460000038146973,25047
"RWAY","Runway Growth Finance Corp. - Common Stock","2021-11-10 11:30:00-05:00",12.4350004196167,12.550000190734863,12.380000114440918,12.399999618530272,12.399999618530272,7267
"RWAY","Runway Growth Finance Corp. - Common Stock","2021-11-10 12:30:00-05:00",12.399999618530272,12.449999809265137,12.239999771118164,12.369999885559082,12.369999885559082,31116
"RWAY","Runway Growth Finance Corp. - Common Stock","2021-11-10 13:30:00-05:00",12.3100004196167,12.449999809265137,12.300000190734863,12.300000190734863,12.300000190734863,9285
"RWAY","Runway Growth Finance Corp. - Common Stock","2021-11-10 14:30:00-05:00",12.300000190734863,12.454999923706056,12.039999961853027,12.3100004196167,12.3100004196167,22951
"RWAY","Runway Growth Finance Corp. - Common Stock","2021-11-10 15:30:00-05:00",12.43000030517578,12.43000030517578,12.18000030517578,12.25,12.25,14078
"RWAY","Runway Growth Finance Corp. - Common Stock","2021-11-10 16:00:00-05:00",12.25,12.25,12.25,12.25,12.25,811
"RWAY","Runway Growth Finance Corp. - Common Stock","2021-11-11 09:30:00-05:00",12.31999969482422,12.31999969482422,12.255000114440918,12.255000114440918,12.255000114440918,0
"RWAY","Runway Growth Finance Corp. - Common Stock","2021-11-11 10:30:00-05:00",12.34000015258789,12.350000381469728,12.109999656677246,12.234999656677246,12.234999656677246,14417
"RWAY","Runway Growth Finance Corp. - Common Stock","2021-11-11 11:30:00-05:00",12.244999885559082,12.34000015258789,12.100000381469728,12.100000381469728,12.100000381469728,18380
"RWAY","Runway Growth Finance Corp. - Common Stock","2021-11-11 12:30:00-05:00",12.114999771118164,12.210000038146973,12.09000015258789,12.1850004196167,12.1850004196167,18745
"RWAY","Runway Growth Finance Corp. - Common Stock","2021-11-11 13:30:00-05:00",12.170000076293944,12.350000381469728,11.93000030517578,12.234999656677246,12.234999656677246,136884
"RWAY","Runway Growth Finance Corp. - Common Stock","2021-11-11 14:30:00-05:00",12.199999809265137,12.25,11.989999771118164,12.0600004196167,12.0600004196167,39684
"RWAY","Runway Growth Finance Corp. - Common Stock","2021-11-11 15:30:00-05:00",12.09000015258789,12.09000015258789,12.0,12.0,12.0,14314
"RWAY","Runway Growth Finance Corp. - Common Stock","2021-11-11 16:00:00-05:00",12.04,12.04,12.04,12.04,12.04,1844
"RWAY","Runway Growth Finance Corp. - Common Stock","2021-11-12 09:30:00-05:00",12.050000190734863,12.279999732971191,11.9399995803833,11.970000267028809,11.970000267028809,0
"RWAY","Runway Growth Finance Corp. - Common Stock","2021-11-12 10:30:00-05:00",12.0,12.199999809265137,11.960000038146973,12.109999656677246,12.109999656677246,15759
"RWAY","Runway Growth Finance Corp. - Common Stock","2021-11-12 11:30:00-05:00",12.140000343322754,12.25,12.0,12.100000381469728,12.100000381469728,16646
"RWAY","Runway Growth Finance Corp. - Common Stock","2021-11-12 12:30:00-05:00",12.039999961853027,12.109999656677246,12.0,12.0,12.0,4434
"RWAY","Runway Growth Finance Corp. - Common Stock","2021-11-12 13:30:00-05:00",12.0,12.050000190734863,11.989999771118164,12.0,12.0,8199
"RWAY","Runway Growth Finance Corp. - Common Stock","2021-11-12 14:30:00-05:00",12.0,12.020000457763672,11.989999771118164,11.989999771118164,11.989999771118164,7266
"RWAY","Runway Growth Finance Corp. - Common Stock","2021-11-12 15:30:00-05:00",11.989999771118164,12.329999923706056,11.989999771118164,12.239999771118164,12.239999771118164,51327
"RWAY","Runway Growth Finance Corp. - Common Stock","2021-11-12 16:00:00-05:00",12.18,12.18,12.0295,12.0295,12.0295,0
"RWAY","Runway Growth Finance Corp. - Common Stock","2021-11-15 08:00:00-05:00",12.41,12.41,12.36,12.36,12.36,0
"RWAY","Runway Growth Finance Corp. - Common Stock","2021-11-15 09:00:00-05:00",12.46,12.46,12.46,12.46,12.46,0
"RWAY","Runway Growth Finance Corp. - Common Stock","2021-11-15 09:30:00-05:00",12.529999732971191,12.710000038146973,12.399999618530272,12.68000030517578,12.68000030517578,35073
"RWAY","Runway Growth Finance Corp. - Common Stock","2021-11-15 10:30:00-05:00",12.640000343322754,12.720000267028809,12.56999969482422,12.670000076293944,12.670000076293944,66003
"RWAY","Runway Growth Finance Corp. - Common Stock","2021-11-15 11:30:00-05:00",12.649999618530272,12.789999961853027,12.600000381469728,12.770000457763672,12.770000457763672,15513
"RWAY","Runway Growth Finance Corp. - Common Stock","2021-11-15 12:30:00-05:00",12.71500015258789,12.800000190734863,12.640000343322754,12.760000228881836,12.760000228881836,18283
"RWAY","Runway Growth Finance Corp. - Common Stock","2021-11-15 13:30:00-05:00",12.800000190734863,12.800000190734863,12.649999618530272,12.779999732971191,12.779999732971191,13115
"RWAY","Runway Growth Finance Corp. - Common Stock","2021-11-15 14:30:00-05:00",12.779999732971191,12.859999656677246,12.737000465393066,12.850000381469728,12.850000381469728,28257
"RWAY","Runway Growth Finance Corp. - Common Stock","2021-11-15 15:30:00-05:00",12.81999969482422,12.859999656677246,12.770600318908691,12.850000381469728,12.850000381469728,22442
"RWAY","Runway Growth Finance Corp. - Common Stock","2021-11-15 16:00:00-05:00",12.86,12.86,12.86,12.86,12.86,4670
"RWAY","Runway Growth Finance Corp. - Common Stock","2021-11-16 09:00:00-05:00",12.93,12.93,12.93,12.93,12.93,0
"RWAY","Runway Growth Finance Corp. - Common Stock","2021-11-16 09:30:00-05:00",12.81999969482422,12.869999885559082,12.705300331115724,12.795700073242188,12.795700073242188,13100
"RWAY","Runway Growth Finance Corp. - Common Stock","2021-11-16 10:30:00-05:00",12.75,12.783100128173828,12.699999809265137,12.783100128173828,12.783100128173828,10072
"RWAY","Runway Growth Finance Corp. - Common Stock","2021-11-16 11:30:00-05:00",12.781700134277344,12.84000015258789,12.781700134277344,12.84000015258789,12.84000015258789,6199
"RWAY","Runway Growth Finance Corp. - Common Stock","2021-11-16 12:30:00-05:00",12.849599838256836,12.850000381469728,12.8100004196167,12.8100004196167,12.8100004196167,2537
"RWAY","Runway Growth Finance Corp. - Common Stock","2021-11-16 13:30:00-05:00",12.8100004196167,12.829999923706056,12.510000228881836,12.56999969482422,12.56999969482422,22909
"RWAY","Runway Growth Finance Corp. - Common Stock","2021-11-16 14:30:00-05:00",12.5600004196167,12.634300231933594,12.387999534606934,12.600000381469728,12.600000381469728,16465
"RWAY","Runway Growth Finance Corp. - Common Stock","2021-11-16 15:30:00-05:00",12.579999923706056,12.710000038146973,12.539999961853027,12.56999969482422,12.56999969482422,18820
"RWAY","Runway Growth Finance Corp. - Common Stock","2021-11-16 16:00:00-05:00",12.57,12.57,12.57,12.57,12.57,3737
"RWAY","Runway Growth Finance Corp. - Common Stock","2021-11-17 09:30:00-05:00",12.68000030517578,12.859999656677246,12.630000114440918,12.8149995803833,12.8149995803833,0
"RWAY","Runway Growth Finance Corp. - Common Stock","2021-11-17 10:30:00-05:00",12.8100004196167,12.899999618530272,12.75,12.800000190734863,12.800000190734863,27802
"RWAY","Runway Growth Finance Corp. - Common Stock","2021-11-17 11:30:00-05:00",12.845000267028809,12.859999656677246,12.710000038146973,12.8100004196167,12.8100004196167,9834
"RWAY","Runway Growth Finance Corp. - Common Stock","2021-11-17 12:30:00-05:00",12.850000381469728,12.9399995803833,12.81999969482422,12.920000076293944,12.920000076293944,14529
"RWAY","Runway Growth Finance Corp. - Common Stock","2021-11-17 13:30:00-05:00",12.880000114440918,12.920000076293944,12.81999969482422,12.820199966430664,12.820199966430664,7461
"RWAY","Runway Growth Finance Corp. - Common Stock","2021-11-17 14:30:00-05:00",12.760000228881836,12.850000381469728,12.729999542236328,12.729999542236328,12.729999542236328,7746
"RWAY","Runway Growth Finance Corp. - Common Stock","2021-11-17 15:30:00-05:00",12.770000457763672,12.859999656677246,12.770000457763672,12.84000015258789,12.84000015258789,8162
"RWAY","Runway Growth Finance Corp. - Common Stock","2021-11-17 16:00:00-05:00",12.86,12.86,12.86,12.86,12.86,1100
"RWAY","Runway Growth Finance Corp. - Common Stock","2021-11-18 09:30:00-05:00",12.800000190734863,12.9399995803833,12.800000190734863,12.850000381469728,12.850000381469728,0
"RWAY","Runway Growth Finance Corp. - Common Stock","2021-11-18 10:30:00-05:00",12.851799964904783,12.869999885559082,12.6899995803833,12.822999954223633,12.822999954223633,16839
"RWAY","Runway Growth Finance Corp. - Common Stock","2021-11-18 11:30:00-05:00",12.789999961853027,12.844300270080566,12.789999961853027,12.80239963531494,12.80239963531494,5095
"RWAY","Runway Growth Finance Corp. - Common Stock","2021-11-18 12:30:00-05:00",12.797499656677246,12.814000129699709,12.65999984741211,12.65999984741211,12.65999984741211,15090
"RWAY","Runway Growth Finance Corp. - Common Stock","2021-11-18 13:30:00-05:00",12.66100025177002,12.729999542236328,12.65999984741211,12.6899995803833,12.6899995803833,6270
"RWAY","Runway Growth Finance Corp. - Common Stock","2021-11-18 14:30:00-05:00",12.729000091552734,12.729000091552734,12.6899995803833,12.6899995803833,12.6899995803833,5777
"RWAY","Runway Growth Finance Corp. - Common Stock","2021-11-18 15:30:00-05:00",12.710000038146973,12.710000038146973,12.65999984741211,12.65999984741211,12.65999984741211,9324
"RWAY","Runway Growth Finance Corp. - Common Stock","2021-11-18 16:00:00-05:00",12.66,12.66,12.66,12.66,12.66,3559
"RWAY","Runway Growth Finance Corp. - Common Stock","2021-11-19 09:30:00-05:00",12.760000228881836,12.93000030517578,12.729999542236328,12.93000030517578,12.93000030517578,0
"RWAY","Runway Growth Finance Corp. - Common Stock","2021-11-19 10:30:00-05:00",12.829999923706056,12.920000076293944,12.710000038146973,12.710000038146973,12.710000038146973,7382
"RWAY","Runway Growth Finance Corp. - Common Stock","2021-11-19 11:30:00-05:00",12.68000030517578,12.68000030517578,12.5600004196167,12.68000030517578,12.68000030517578,5031
"RWAY","Runway Growth Finance Corp. - Common Stock","2021-11-19 12:30:00-05:00",12.68000030517578,12.68000030517578,12.619999885559082,12.65999984741211,12.65999984741211,3462
"RWAY","Runway Growth Finance Corp. - Common Stock","2021-11-19 13:30:00-05:00",12.699999809265137,12.770000457763672,12.640000343322754,12.68000030517578,12.68000030517578,12243
"RWAY","Runway Growth Finance Corp. - Common Stock","2021-11-19 14:30:00-05:00",12.720000267028809,12.869999885559082,12.68000030517578,12.869999885559082,12.869999885559082,6140
"RWAY","Runway Growth Finance Corp. - Common Stock","2021-11-19 15:30:00-05:00",12.864999771118164,12.93000030517578,12.779999732971191,12.84000015258789,12.84000015258789,21136
"RWAY","Runway Growth Finance Corp. - Common Stock","2021-11-19 16:00:00-05:00",12.83,12.83,12.83,12.83,12.83,2928
"RWAY","Runway Growth Finance Corp. - Common Stock","2021-11-22 09:30:00-05:00",12.739999771118164,13.052800178527832,12.739999771118164,13.052800178527832,13.052800178527832,0
"RWAY","Runway Growth Finance Corp. - Common Stock","2021-11-22 10:30:00-05:00",13.039999961853027,13.25,12.989999771118164,13.1899995803833,13.1899995803833,32420
"RWAY","Runway Growth Finance Corp. - Common Stock","2021-11-22 11:30:00-05:00",13.210000038146973,13.25,13.140000343322754,13.210000038146973,13.210000038146973,37423
"RWAY","Runway Growth Finance Corp. - Common Stock","2021-11-22 12:30:00-05:00",13.1899995803833,13.369999885559082,13.140000343322754,13.239999771118164,13.239999771118164,86673
"RWAY","Runway Growth Finance Corp. - Common Stock","2021-11-22 13:30:00-05:00",13.279999732971191,13.329999923706056,13.109999656677246,13.289999961853027,13.289999961853027,73273
"RWAY","Runway Growth Finance Corp. - Common Stock","2021-11-22 14:30:00-05:00",13.34000015258789,13.350000381469728,13.229999542236328,13.324999809265137,13.324999809265137,50795
"RWAY","Runway Growth Finance Corp. - Common Stock","2021-11-22 15:30:00-05:00",13.3100004196167,13.34000015258789,13.18000030517578,13.300000190734863,13.300000190734863,62927
"RWAY","Runway Growth Finance Corp. - Common Stock","2021-11-22 16:00:00-05:00",13.31,13.31,13.3,13.3,13.3,433
"RWAY","Runway Growth Finance Corp. - Common Stock","2021-11-23 05:00:00-05:00",12.88,12.88,12.88,12.88,12.88,0
"RWAY","Runway Growth Finance Corp. - Common Stock","2021-11-23 09:30:00-05:00",13.210000038146973,13.380000114440918,13.151000022888184,13.300000190734863,13.300000190734863,18427
"RWAY","Runway Growth Finance Corp. - Common Stock","2021-11-23 10:30:00-05:00",13.300000190734863,13.329999923706056,13.199999809265137,13.270000457763672,13.270000457763672,29579
"RWAY","Runway Growth Finance Corp. - Common Stock","2021-11-23 11:30:00-05:00",13.244999885559082,13.390000343322754,13.225000381469728,13.335000038146973,13.335000038146973,20870
"RWAY","Runway Growth Finance Corp. - Common Stock","2021-11-23 12:30:00-05:00",13.335000038146973,13.449999809265137,13.239999771118164,13.449999809265137,13.449999809265137,25508
"RWAY","Runway Growth Finance Corp. - Common Stock","2021-11-23 13:30:00-05:00",13.414999961853027,13.460000038146973,13.265000343322754,13.44499969482422,13.44499969482422,22623
"RWAY","Runway Growth Finance Corp. - Common Stock","2021-11-23 14:30:00-05:00",13.44499969482422,13.460000038146973,13.350000381469728,13.375,13.375,17782
"RWAY","Runway Growth Finance Corp. - Common Stock","2021-11-23 15:30:00-05:00",13.390000343322754,13.489999771118164,13.359999656677246,13.40999984741211,13.40999984741211,22688
"RWAY","Runway Growth Finance Corp. - Common Stock","2021-11-23 16:00:00-05:00",13.46,13.49,13.46,13.49,13.49,0
"RWAY","Runway Growth Finance Corp. - Common Stock","2021-11-24 09:30:00-05:00",13.369999885559082,13.550000190734863,13.329999923706056,13.543700218200684,13.543700218200684,8487
"RWAY","Runway Growth Finance Corp. - Common Stock","2021-11-24 10:30:00-05:00",13.550000190734863,13.550000190734863,13.539999961853027,13.550000190734863,13.550000190734863,19020
"RWAY","Runway Growth Finance Corp. - Common Stock","2021-11-24 11:30:00-05:00",13.550000190734863,13.779999732971191,13.545000076293944,13.75,13.75,47158
"RWAY","Runway Growth Finance Corp. - Common Stock","2021-11-24 12:30:00-05:00",13.770000457763672,13.850000381469728,13.34000015258789,13.449999809265137,13.449999809265137,38718
"RWAY","Runway Growth Finance Corp. - Common Stock","2021-11-24 13:30:00-05:00",13.539999961853027,13.75,13.539999961853027,13.75,13.75,17202
"RWAY","Runway Growth Finance Corp. - Common Stock","2021-11-24 14:30:00-05:00",13.699999809265137,13.760000228881836,13.539999961853027,13.670000076293944,13.670000076293944,28417
"RWAY","Runway Growth Finance Corp. - Common Stock","2021-11-24 15:30:00-05:00",13.65999984741211,13.75,13.640000343322754,13.65999984741211,13.65999984741211,22175
"RWAY","Runway Growth Finance Corp. - Common Stock","2021-11-24 16:00:00-05:00",13.71,13.88,13.71,13.88,13.88,0
"RWAY","Runway Growth Finance Corp. - Common Stock","2021-11-26 09:00:00-05:00",13.58,13.58,13.58,13.58,13.58,0
"RWAY","Runway Growth Finance Corp. - Common Stock","2021-11-26 09:30:00-05:00",13.710000038146973,14.050000190734863,13.550000190734863,13.579999923706056,13.579999923706056,28491
"RWAY","Runway Growth Finance Corp. - Common Stock","2021-11-26 10:30:00-05:00",13.550000190734863,13.800000190734863,13.550000190734863,13.710000038146973,13.710000038146973,37541
"RWAY","Runway Growth Finance Corp. - Common Stock","2021-11-26 11:30:00-05:00",13.6899995803833,13.729999542236328,13.56999969482422,13.710000038146973,13.710000038146973,58383
"RWAY","Runway Growth Finance Corp. - Common Stock","2021-11-26 13:00:00-05:00",13.710000038146973,13.710000038146973,13.5600004196167,13.5600004196167,13.5600004196167,30695
"RWAY","Runway Growth Finance Corp. - Common Stock","2021-11-29 09:30:00-05:00",13.75,13.890000343322754,13.640000343322754,13.770000457763672,13.770000457763672,0
"RWAY","Runway Growth Finance Corp. - Common Stock","2021-11-29 10:30:00-05:00",13.710000038146973,13.710000038146973,13.43000030517578,13.579999923706056,13.579999923706056,19800
"RWAY","Runway Growth Finance Corp. - Common Stock","2021-11-29 11:30:00-05:00",13.545000076293944,13.81999969482422,13.545000076293944,13.710000038146973,13.710000038146973,18815
"RWAY","Runway Growth Finance Corp. - Common Stock","2021-11-29 12:30:00-05:00",13.654999732971191,13.765000343322754,13.600000381469728,13.68000030517578,13.68000030517578,15582
"RWAY","Runway Growth Finance Corp. - Common Stock","2021-11-29 13:30:00-05:00",13.68000030517578,13.699999809265137,13.59000015258789,13.65999984741211,13.65999984741211,15260
"RWAY","Runway Growth Finance Corp. - Common Stock","2021-11-29 14:30:00-05:00",13.670000076293944,13.699999809265137,13.5649995803833,13.699999809265137,13.699999809265137,16833
"RWAY","Runway Growth Finance Corp. - Common Stock","2021-11-29 15:30:00-05:00",13.68000030517578,13.699999809265137,13.59000015258789,13.6899995803833,13.6899995803833,15425
"RWAY","Runway Growth Finance Corp. - Common Stock","2021-11-29 16:00:00-05:00",13.67,13.67,13.67,13.67,13.67,146
"RWAY","Runway Growth Finance Corp. - Common Stock","2021-12-01 09:30:00-05:00",13.989999771118164,14.0,13.904999732971191,14.0,14.0,0
"RWAY","Runway Growth Finance Corp. - Common Stock","2021-12-01 10:30:00-05:00",13.90999984741211,13.90999984741211,13.789999961853027,13.800000190734863,13.800000190734863,6538
"RWAY","Runway Growth Finance Corp. - Common Stock","2021-12-01 11:30:00-05:00",13.859999656677246,13.859999656677246,13.260000228881836,13.260000228881836,13.260000228881836,31407
"RWAY","Runway Growth Finance Corp. - Common Stock","2021-12-01 12:30:00-05:00",13.260000228881836,13.324000358581545,13.25,13.289999961853027,13.289999961853027,3657
"RWAY","Runway Growth Finance Corp. - Common Stock","2021-12-01 13:30:00-05:00",13.25,13.46500015258789,13.029999732971191,13.1899995803833,13.1899995803833,7933
"RWAY","Runway Growth Finance Corp. - Common Stock","2021-12-01 14:30:00-05:00",13.18000030517578,13.390000343322754,13.140000343322754,13.18000030517578,13.18000030517578,8453
"RWAY","Runway Growth Finance Corp. - Common Stock","2021-12-01 15:30:00-05:00",13.18000030517578,13.25,12.890000343322754,12.9399995803833,12.9399995803833,0
"RWAY","Runway Growth Finance Corp. - Common Stock","2021-12-02 09:30:00-05:00",12.949999809265137,13.000100135803224,12.949999809265137,13.000100135803224,13.000100135803224,1419
"RWAY","Runway Growth Finance Corp. - Common Stock","2021-12-02 10:30:00-05:00",13.0,13.199999809265137,13.0,13.199999809265137,13.199999809265137,2012
"RWAY","Runway Growth Finance Corp. - Common Stock","2021-12-02 11:30:00-05:00",13.540200233459473,13.540200233459473,13.25,13.25,13.25,2650
"RWAY","Runway Growth Finance Corp. - Common Stock","2021-12-02 12:30:00-05:00",13.460000038146973,13.747099876403809,13.449999809265137,13.604999542236328,13.604999542236328,6170
"RWAY","Runway Growth Finance Corp. - Common Stock","2021-12-02 13:30:00-05:00",13.59000015258789,13.59000015258789,13.479999542236328,13.539999961853027,13.539999961853027,5950
"RWAY","Runway Growth Finance Corp. - Common Stock","2021-12-02 14:30:00-05:00",13.539999961853027,13.78499984741211,13.539999961853027,13.699999809265137,13.699999809265137,9963
"RWAY","Runway Growth Finance Corp. - Common Stock","2021-12-02 15:30:00-05:00",13.779999732971191,13.859999656677246,13.510000228881836,13.649999618530272,13.649999618530272,9695
"RWAY","Runway Growth Finance Corp. - Common Stock","2021-12-02 16:00:00-05:00",13.67,13.67,13.67,13.67,13.67,304
"RWAY","Runway Growth Finance Corp. - Common Stock","2021-12-03 09:30:00-05:00",13.989999771118164,13.989999771118164,13.4399995803833,13.670000076293944,13.670000076293944,0
"RWAY","Runway Growth Finance Corp. - Common Stock","2021-12-03 10:30:00-05:00",13.708999633789062,13.708999633789062,13.471699714660645,13.539999961853027,13.539999961853027,8192
"RWAY","Runway Growth Finance Corp. - Common Stock","2021-12-03 11:30:00-05:00",13.550000190734863,13.5600004196167,13.260000228881836,13.279999732971191,13.279999732971191,24207
"RWAY","Runway Growth Finance Corp. - Common Stock","2021-12-03 12:30:00-05:00",13.220000267028809,13.31999969482422,13.09000015258789,13.09000015258789,13.09000015258789,21060
"RWAY","Runway Growth Finance Corp. - Common Stock","2021-12-03 13:30:00-05:00",13.140000343322754,13.427000045776367,13.0,13.427000045776367,13.427000045776367,18732
"RWAY","Runway Growth Finance Corp. - Common Stock","2021-12-03 14:30:00-05:00",13.3100004196167,13.4399995803833,13.199999809265137,13.36359977722168,13.36359977722168,14749
"RWAY","Runway Growth Finance Corp. - Common Stock","2021-12-03 15:30:00-05:00",13.404999732971191,13.469900131225586,13.140000343322754,13.3100004196167,13.3100004196167,9155
"RWAY","Runway Growth Finance Corp. - Common Stock","2021-12-03 16:00:00-05:00",13.32,13.32,13.32,13.32,13.32,208
"RWAY","Runway Growth Finance Corp. - Common Stock","2021-12-06 09:30:00-05:00",13.199999809265137,13.479999542236328,12.8100004196167,12.859999656677246,12.859999656677246,0
"RWAY","Runway Growth Finance Corp. - Common Stock","2021-12-06 10:30:00-05:00",12.859999656677246,12.90999984741211,12.59000015258789,12.69499969482422,12.69499969482422,36091
"RWAY","Runway Growth Finance Corp. - Common Stock","2021-12-06 11:30:00-05:00",12.6899995803833,12.720000267028809,12.649999618530272,12.6899995803833,12.6899995803833,15605
"RWAY","Runway Growth Finance Corp. - Common Stock","2021-12-06 12:30:00-05:00",12.68000030517578,12.9399995803833,12.56999969482422,12.770000457763672,12.770000457763672,45556
"RWAY","Runway Growth Finance Corp. - Common Stock","2021-12-06 13:30:00-05:00",12.699999809265137,12.850000381469728,12.56999969482422,12.630000114440918,12.630000114440918,38251
"RWAY","Runway Growth Finance Corp. - Common Stock","2021-12-06 14:30:00-05:00",12.630000114440918,12.8100004196167,12.619999885559082,12.75,12.75,43193
"RWAY","Runway Growth Finance Corp. - Common Stock","2021-12-06 15:30:00-05:00",12.75,12.770000457763672,12.619999885559082,12.619999885559082,12.619999885559082,24451
"RWAY","Runway Growth Finance Corp. - Common Stock","2021-12-06 16:00:00-05:00",12.65,12.65,12.65,12.65,12.65,320
"RWAY","Runway Growth Finance Corp. - Common Stock","2021-12-07 09:30:00-05:00",12.8100004196167,13.270000457763672,12.8100004196167,13.25,13.25,0
"RWAY","Runway Growth Finance Corp. - Common Stock","2021-12-07 10:30:00-05:00",13.25,13.56999969482422,13.1899995803833,13.279999732971191,13.279999732971191,23166
"RWAY","Runway Growth Finance Corp. - Common Stock","2021-12-07 11:30:00-05:00",13.300000190734863,13.4399995803833,13.125,13.170000076293944,13.170000076293944,44911
"RWAY","Runway Growth Finance Corp. - Common Stock","2021-12-07 12:30:00-05:00",13.130000114440918,13.130000114440918,13.010000228881836,13.010000228881836,13.010000228881836,2660
"RWAY","Runway Growth Finance Corp. - Common Stock","2021-12-07 13:30:00-05:00",13.0,13.089900016784668,13.0,13.0,13.0,15863
"RWAY","Runway Growth Finance Corp. - Common Stock","2021-12-07 14:30:00-05:00",13.029999732971191,13.197199821472168,13.029999732971191,13.145000457763672,13.145000457763672,32038
"RWAY","Runway Growth Finance Corp. - Common Stock","2021-12-07 15:30:00-05:00",13.100000381469728,13.100000381469728,13.0,13.010000228881836,13.010000228881836,20642
"RWAY","Runway Growth Finance Corp. - Common Stock","2021-12-07 16:00:00-05:00",13.02,13.02,13.02,13.02,13.02,1212
"RWAY","Runway Growth Finance Corp. - Common Stock","2021-12-08 09:30:00-05:00",12.970000267028809,13.149999618530272,12.970000267028809,13.109999656677246,13.109999656677246,0
"RWAY","Runway Growth Finance Corp. - Common Stock","2021-12-08 10:30:00-05:00",13.101099967956545,13.23349952697754,13.050000190734863,13.050000190734863,13.050000190734863,12871
"RWAY","Runway Growth Finance Corp. - Common Stock","2021-12-08 11:30:00-05:00",13.050000190734863,13.369999885559082,13.050000190734863,13.119999885559082,13.119999885559082,26151
"RWAY","Runway Growth Finance Corp. - Common Stock","2021-12-08 12:30:00-05:00",13.15999984741211,13.40590000152588,13.130000114440918,13.130000114440918,13.130000114440918,12706
"RWAY","Runway Growth Finance Corp. - Common Stock","2021-12-08 13:30:00-05:00",13.140000343322754,13.390000343322754,13.140000343322754,13.289999961853027,13.289999961853027,19794
"RWAY","Runway Growth Finance Corp. - Common Stock","2021-12-08 14:30:00-05:00",13.25,13.385000228881836,13.25,13.279999732971191,13.279999732971191,25080
"RWAY","Runway Growth Finance Corp. - Common Stock","2021-12-08 15:30:00-05:00",13.270000457763672,13.3100004196167,13.25,13.25,13.25,13327
"RWAY","Runway Growth Finance Corp. - Common Stock","2021-12-08 16:00:00-05:00",13.25,13.25,13.25,13.25,13.25,847
"RWAY","Runway Growth Finance Corp. - Common Stock","2021-12-09 09:30:00-05:00",13.3100004196167,13.354999542236328,13.135000228881836,13.19499969482422,13.19499969482422,0
"RWAY","Runway Growth Finance Corp. - Common Stock","2021-12-09 10:30:00-05:00",13.210000038146973,13.420000076293944,13.170000076293944,13.274999618530272,13.274999618530272,7976
"RWAY","Runway Growth Finance Corp. - Common Stock","2021-12-09 11:30:00-05:00",13.18000030517578,13.5,13.18000030517578,13.449999809265137,13.449999809265137,10545
"RWAY","Runway Growth Finance Corp. - Common Stock","2021-12-09 12:30:00-05:00",13.350000381469728,13.539999961853027,13.31999969482422,13.43000030517578,13.43000030517578,32426
"RWAY","Runway Growth Finance Corp. - Common Stock","2021-12-09 13:30:00-05:00",13.510000228881836,13.520000457763672,13.329999923706056,13.515000343322754,13.515000343322754,12729
"RWAY","Runway Growth Finance Corp. - Common Stock","2021-12-09 14:30:00-05:00",13.5,13.579999923706056,13.380000114440918,13.475000381469728,13.475000381469728,10818
"RWAY","Runway Growth Finance Corp. - Common Stock","2021-12-09 15:30:00-05:00",13.460000038146973,13.640000343322754,13.359999656677246,13.460000038146973,13.460000038146973,7681
"RWAY","Runway Growth Finance Corp. - Common Stock","2021-12-09 16:00:00-05:00",13.46,13.46,13.46,13.46,13.46,271
"RWAY","Runway Growth Finance Corp. - Common Stock","2021-12-10 09:30:00-05:00",13.350000381469728,13.869999885559082,13.350000381469728,13.75,13.75,0
"RWAY","Runway Growth Finance Corp. - Common Stock","2021-12-10 10:30:00-05:00",13.510000228881836,13.600000381469728,13.300000190734863,13.4399995803833,13.4399995803833,14127
"RWAY","Runway Growth Finance Corp. - Common Stock","2021-12-10 11:30:00-05:00",13.550000190734863,13.619999885559082,13.4399995803833,13.539999961853027,13.539999961853027,4620
"RWAY","Runway Growth Finance Corp. - Common Stock","2021-12-10 12:30:00-05:00",13.539999961853027,13.56999969482422,13.425000190734863,13.5,13.5,11673
"RWAY","Runway Growth Finance Corp. - Common Stock","2021-12-10 13:30:00-05:00",13.460000038146973,13.539999961853027,13.449999809265137,13.489999771118164,13.489999771118164,6509
"RWAY","Runway Growth Finance Corp. - Common Stock","2021-12-10 14:30:00-05:00",13.460000038146973,13.520000457763672,13.460000038146973,13.460000038146973,13.460000038146973,6300
"RWAY","Runway Growth Finance Corp. - Common Stock","2021-12-10 15:30:00-05:00",13.460000038146973,13.509900093078612,13.350000381469728,13.369999885559082,13.369999885559082,11804
"RWAY","Runway Growth Finance Corp. - Common Stock","2021-12-10 16:00:00-05:00",13.42,13.42,13.42,13.42,13.42,104
"RWAY","Runway Growth Finance Corp. - Common Stock","2021-12-13 09:30:00-05:00",13.420000076293944,13.8100004196167,13.410900115966797,13.600000381469728,13.600000381469728,0
"RWAY","Runway Growth Finance Corp. - Common Stock","2021-12-13 10:30:00-05:00",13.654999732971191,13.654999732971191,13.479999542236328,13.505000114440918,13.505000114440918,19536
"RWAY","Runway Growth Finance Corp. - Common Stock","2021-12-13 11:30:00-05:00",13.5,13.529999732971191,13.460000038146973,13.487500190734863,13.487500190734863,9901
"RWAY","Runway Growth Finance Corp. - Common Stock","2021-12-13 12:30:00-05:00",13.479999542236328,13.487500190734863,13.399999618530272,13.399999618530272,13.399999618530272,10016
"RWAY","Runway Growth Finance Corp. - Common Stock","2021-12-13 13:30:00-05:00",13.399999618530272,13.59000015258789,13.34000015258789,13.369999885559082,13.369999885559082,15086
"RWAY","Runway Growth Finance Corp. - Common Stock","2021-12-13 14:30:00-05:00",13.5,13.5,13.273099899291992,13.335000038146973,13.335000038146973,24599
"RWAY","Runway Growth Finance Corp. - Common Stock","2021-12-13 15:30:00-05:00",13.34000015258789,13.484999656677246,13.270000457763672,13.289999961853027,13.289999961853027,14099
"RWAY","Runway Growth Finance Corp. - Common Stock","2021-12-13 16:00:00-05:00",13.35,13.35,13.35,13.35,13.35,582
"RWAY","Runway Growth Finance Corp. - Common Stock","2021-12-14 09:30:00-05:00",13.270000457763672,13.5625,13.25,13.44499969482422,13.44499969482422,0
"RWAY","Runway Growth Finance Corp. - Common Stock","2021-12-14 10:30:00-05:00",13.44499969482422,13.449999809265137,13.380000114440918,13.390000343322754,13.390000343322754,10468
"RWAY","Runway Growth Finance Corp. - Common Stock","2021-12-14 11:30:00-05:00",13.40999984741211,13.40999984741211,13.274999618530272,13.350000381469728,13.350000381469728,14973
"RWAY","Runway Growth Finance Corp. - Common Stock","2021-12-14 12:30:00-05:00",13.345000267028809,13.4399995803833,13.31999969482422,13.4399995803833,13.4399995803833,7055
"RWAY","Runway Growth Finance Corp. - Common Stock","2021-12-14 13:30:00-05:00",13.425000190734863,13.53499984741211,13.390000343322754,13.510000228881836,13.510000228881836,7757
"RWAY","Runway Growth Finance Corp. - Common Stock","2021-12-14 14:30:00-05:00",13.520000457763672,13.539999961853027,13.329999923706056,13.34000015258789,13.34000015258789,26309
"RWAY","Runway Growth Finance Corp. - Common Stock","2021-12-14 15:30:00-05:00",13.34000015258789,13.529999732971191,13.289999961853027,13.4399995803833,13.4399995803833,5588
"RWAY","Runway Growth Finance Corp. - Common Stock","2021-12-14 16:00:00-05:00",13.3,13.3,13.3,13.3,13.3,293
"RWAY","Runway Growth Finance Corp. - Common Stock","2021-12-14 17:00:00-05:00",13.3,13.3,13.3,13.3,13.3,0
"RWAY","Runway Growth Finance Corp. - Common Stock","2021-12-15 09:30:00-05:00",13.460000038146973,13.6899995803833,13.350000381469728,13.454999923706056,13.454999923706056,13560
"RWAY","Runway Growth Finance Corp. - Common Stock","2021-12-15 10:30:00-05:00",13.420000076293944,13.460000038146973,13.3149995803833,13.390000343322754,13.390000343322754,29859
"RWAY","Runway Growth Finance Corp. - Common Stock","2021-12-15 11:30:00-05:00",13.375,13.399999618530272,13.260000228881836,13.31999969482422,13.31999969482422,14751
"RWAY","Runway Growth Finance Corp. - Common Stock","2021-12-15 12:30:00-05:00",13.350000381469728,13.489999771118164,13.270000457763672,13.399999618530272,13.399999618530272,28344
"RWAY","Runway Growth Finance Corp. - Common Stock","2021-12-15 13:30:00-05:00",13.479999542236328,13.529999732971191,13.289999961853027,13.300000190734863,13.300000190734863,12449
"RWAY","Runway Growth Finance Corp. - Common Stock","2021-12-15 14:30:00-05:00",13.279999732971191,13.390000343322754,13.25,13.354999542236328,13.354999542236328,12886
"RWAY","Runway Growth Finance Corp. - Common Stock","2021-12-15 15:30:00-05:00",13.329999923706056,13.359999656677246,13.25,13.329999923706056,13.329999923706056,14561
"RWAY","Runway Growth Finance Corp. - Common Stock","2021-12-15 16:00:00-05:00",13.27,13.27,13.27,13.27,13.27,0
"RWAY","Runway Growth Finance Corp. - Common Stock","2021-12-16 09:30:00-05:00",13.59000015258789,13.6899995803833,13.25,13.43000030517578,13.43000030517578,25361
"RWAY","Runway Growth Finance Corp. - Common Stock","2021-12-16 10:30:00-05:00",13.449999809265137,13.68000030517578,13.06999969482422,13.3100004196167,13.3100004196167,15536
"RWAY","Runway Growth Finance Corp. - Common Stock","2021-12-16 11:30:00-05:00",13.31999969482422,13.40999984741211,13.210000038146973,13.265000343322754,13.265000343322754,16242
"RWAY","Runway Growth Finance Corp. - Common Stock","2021-12-16 12:30:00-05:00",13.300000190734863,13.40999984741211,13.260000228881836,13.369999885559082,13.369999885559082,8245
"RWAY","Runway Growth Finance Corp. - Common Stock","2021-12-16 13:30:00-05:00",13.359999656677246,13.399999618530272,13.260000228881836,13.369999885559082,13.369999885559082,10411
"RWAY","Runway Growth Finance Corp. - Common Stock","2021-12-16 14:30:00-05:00",13.369999885559082,13.449999809265137,13.0600004196167,13.324999809265137,13.324999809265137,15549
"RWAY","Runway Growth Finance Corp. - Common Stock","2021-12-16 15:30:00-05:00",13.300000190734863,13.300000190734863,12.989999771118164,13.039999961853027,13.039999961853027,29558
"RWAY","Runway Growth Finance Corp. - Common Stock","2021-12-16 16:00:00-05:00",13.0,13.0,13.0,13.0,13.0,0
"RWAY","Runway Growth Finance Corp. - Common Stock","2021-12-17 09:30:00-05:00",12.960000038146973,13.4350004196167,12.9399995803833,13.18000030517578,13.18000030517578,17896
"RWAY","Runway Growth Finance Corp. - Common Stock","2021-12-17 10:30:00-05:00",13.217499732971191,13.399999618530272,13.149999618530272,13.295000076293944,13.295000076293944,18462
"RWAY","Runway Growth Finance Corp. - Common Stock","2021-12-17 11:30:00-05:00",13.34000015258789,13.369999885559082,13.09000015258789,13.260000228881836,13.260000228881836,14330
"RWAY","Runway Growth Finance Corp. - Common Stock","2021-12-17 12:30:00-05:00",13.270000457763672,13.359999656677246,13.095000267028809,13.239999771118164,13.239999771118164,13975
"RWAY","Runway Growth Finance Corp. - Common Stock","2021-12-17 13:30:00-05:00",13.25,13.34000015258789,13.13860034942627,13.149999618530272,13.149999618530272,16485
"RWAY","Runway Growth Finance Corp. - Common Stock","2021-12-17 14:30:00-05:00",13.149999618530272,13.199999809265137,13.0,13.039999961853027,13.039999961853027,16787
"RWAY","Runway Growth Finance Corp. - Common Stock","2021-12-17 15:30:00-05:00",13.06999969482422,13.09000015258789,12.949999809265137,13.0,13.0,12047
"RWAY","Runway Growth Finance Corp. - Common Stock","2021-12-17 16:00:00-05:00",13.04,13.04,13.04,13.04,13.04,0
"RWAY","Runway Growth Finance Corp. - Common Stock","2021-12-20 09:30:00-05:00",13.010000228881836,13.489999771118164,12.920000076293944,13.3149995803833,13.3149995803833,19076
"RWAY","Runway Growth Finance Corp. - Common Stock","2021-12-20 10:30:00-05:00",13.329999923706056,13.329999923706056,12.890000343322754,12.890000343322754,12.890000343322754,25279
"RWAY","Runway Growth Finance Corp. - Common Stock","2021-12-20 11:30:00-05:00",12.880000114440918,13.0,12.59000015258789,12.654999732971191,12.654999732971191,49377
"RWAY","Runway Growth Finance Corp. - Common Stock","2021-12-20 12:30:00-05:00",12.675000190734863,12.704999923706056,12.619999885559082,12.640000343322754,12.640000343322754,24380
"RWAY","Runway Growth Finance Corp. - Common Stock","2021-12-20 13:30:00-05:00",12.640000343322754,12.760000228881836,12.640000343322754,12.68000030517578,12.68000030517578,52924
"RWAY","Runway Growth Finance Corp. - Common Stock","2021-12-20 14:30:00-05:00",12.68000030517578,12.8100004196167,12.68000030517578,12.789999961853027,12.789999961853027,53855
"RWAY","Runway Growth Finance Corp. - Common Stock","2021-12-20 15:30:00-05:00",12.789999961853027,12.859999656677246,12.779999732971191,12.800000190734863,12.800000190734863,28781
"RWAY","Runway Growth Finance Corp. - Common Stock","2021-12-20 16:00:00-05:00",12.8,12.8,12.8,12.8,12.8,695
"RWAY","Runway Growth Finance Corp. - Common Stock","2021-12-21 09:30:00-05:00",12.970000267028809,13.550000190734863,12.970000267028809,13.149999618530272,13.149999618530272,0
"RWAY","Runway Growth Finance Corp. - Common Stock","2021-12-21 10:30:00-05:00",13.154999732971191,13.199999809265137,13.020999908447266,13.1899995803833,13.1899995803833,30837
"RWAY","Runway Growth Finance Corp. - Common Stock","2021-12-21 11:30:00-05:00",13.199999809265137,13.229999542236328,13.140000343322754,13.154999732971191,13.154999732971191,21928
"RWAY","Runway Growth Finance Corp. - Common Stock","2021-12-21 12:30:00-05:00",13.154999732971191,13.229999542236328,13.100000381469728,13.149999618530272,13.149999618530272,19338
"RWAY","Runway Growth Finance Corp. - Common Stock","2021-12-21 13:30:00-05:00",13.164999961853027,13.204999923706056,13.119999885559082,13.19499969482422,13.19499969482422,28796
"RWAY","Runway Growth Finance Corp. - Common Stock","2021-12-21 14:30:00-05:00",13.199999809265137,13.239999771118164,13.170000076293944,13.220000267028809,13.220000267028809,29673
"RWAY","Runway Growth Finance Corp. - Common Stock","2021-12-21 15:30:00-05:00",13.204999923706056,13.229999542236328,13.149999618530272,13.18000030517578,13.18000030517578,27023
"RWAY","Runway Growth Finance Corp. - Common Stock","2021-12-21 16:00:00-05:00",13.18,13.18,13.18,13.18,13.18,2275
"RWAY","Runway Growth Finance Corp. - Common Stock","2021-12-22 09:30:00-05:00",13.09000015258789,13.600000381469728,13.09000015258789,13.390000343322754,13.390000343322754,0
"RWAY","Runway Growth Finance Corp. - Common Stock","2021-12-22 10:30:00-05:00",13.369999885559082,13.390000343322754,13.295000076293944,13.375,13.375,23228
"RWAY","Runway Growth Finance Corp. - Common Stock","2021-12-22 11:30:00-05:00",13.380000114440918,13.399999618530272,13.31999969482422,13.31999969482422,13.31999969482422,13119
"RWAY","Runway Growth Finance Corp. - Common Stock","2021-12-22 12:30:00-05:00",13.3100004196167,13.34000015258789,13.25,13.260000228881836,13.260000228881836,12734
"RWAY","Runway Growth Finance Corp. - Common Stock","2021-12-22 13:30:00-05:00",13.289999961853027,13.300000190734863,13.25,13.279999732971191,13.279999732971191,16072
"RWAY","Runway Growth Finance Corp. - Common Stock","2021-12-22 14:30:00-05:00",13.289999961853027,13.292499542236328,13.25,13.260000228881836,13.260000228881836,14835
"RWAY","Runway Growth Finance Corp. - Common Stock","2021-12-22 15:30:00-05:00",13.274999618530272,13.279999732971191,13.15999984741211,13.170000076293944,13.170000076293944,20298
"RWAY","Runway Growth Finance Corp. - Common Stock","2021-12-22 16:00:00-05:00",13.17,13.17,13.17,13.17,13.17,1036
"RWAY","Runway Growth Finance Corp. - Common Stock","2021-12-23 09:30:00-05:00",13.300000190734863,13.329999923706056,12.90999984741211,12.970000267028809,12.970000267028809,0
"RWAY","Runway Growth Finance Corp. - Common Stock","2021-12-23 10:30:00-05:00",12.970000267028809,13.09000015258789,12.819299697875977,12.899999618530272,12.899999618530272,33715
"RWAY","Runway Growth Finance Corp. - Common Stock","2021-12-23 11:30:00-05:00",12.899999618530272,13.010000228881836,12.8100004196167,12.850000381469728,12.850000381469728,32598
"RWAY","Runway Growth Finance Corp. - Common Stock","2021-12-23 12:30:00-05:00",12.859999656677246,13.154999732971191,12.859999656677246,13.09000015258789,13.09000015258789,23069
"RWAY","Runway Growth Finance Corp. - Common Stock","2021-12-23 13:30:00-05:00",13.114999771118164,13.34000015258789,13.045000076293944,13.324999809265137,13.324999809265137,16224
"RWAY","Runway Growth Finance Corp. - Common Stock","2021-12-23 14:30:00-05:00",13.30500030517578,13.369999885559082,13.18000030517578,13.25,13.25,19410
"RWAY","Runway Growth Finance Corp. - Common Stock","2021-12-23 15:30:00-05:00",13.220000267028809,13.550000190734863,13.1899995803833,13.4399995803833,13.4399995803833,69813
"RWAY","Runway Growth Finance Corp. - Common Stock","2021-12-23 16:00:00-05:00",13.44,13.6,13.44,13.56,13.56,0
"RWAY","Runway Growth Finance Corp. - Common Stock","2021-12-27 09:30:00-05:00",13.380000114440918,13.56999969482422,13.130000114440918,13.130000114440918,13.130000114440918,46288
"RWAY","Runway Growth Finance Corp. - Common Stock","2021-12-27 10:30:00-05:00",13.140000343322754,13.199999809265137,13.0600004196167,13.199999809265137,13.199999809265137,21514
"RWAY","Runway Growth Finance Corp. - Common Stock","2021-12-27 11:30:00-05:00",13.199999809265137,13.300000190734863,13.1899995803833,13.270000457763672,13.270000457763672,42130
"RWAY","Runway Growth Finance Corp. - Common Stock","2021-12-27 12:30:00-05:00",13.289999961853027,13.399999618530272,13.225000381469728,13.25,13.25,20674
"RWAY","Runway Growth Finance Corp. - Common Stock","2021-12-27 13:30:00-05:00",13.25,13.300000190734863,13.220000267028809,13.300000190734863,13.300000190734863,15980
"RWAY","Runway Growth Finance Corp. - Common Stock","2021-12-27 14:30:00-05:00",13.300000190734863,13.359999656677246,13.170000076293944,13.34000015258789,13.34000015258789,25784
"RWAY","Runway Growth Finance Corp. - Common Stock","2021-12-27 15:30:00-05:00",13.345000267028809,13.345000267028809,13.170000076293944,13.18000030517578,13.18000030517578,30597
"RWAY","Runway Growth Finance Corp. - Common Stock","2021-12-27 16:00:00-05:00",13.22,13.22,13.22,13.22,13.22,874
"RWAY","Runway Growth Finance Corp. - Common Stock","2021-12-28 09:30:00-05:00",13.079999923706056,13.520000457763672,13.079999923706056,13.270000457763672,13.270000457763672,0
"RWAY","Runway Growth Finance Corp. - Common Stock","2021-12-28 10:30:00-05:00",13.289999961853027,13.399999618530272,13.279999732971191,13.390000343322754,13.390000343322754,18743
"RWAY","Runway Growth Finance Corp. - Common Stock","2021-12-28 11:30:00-05:00",13.399999618530272,13.460000038146973,13.31999969482422,13.380000114440918,13.380000114440918,22998
"RWAY","Runway Growth Finance Corp. - Common Stock","2021-12-28 12:30:00-05:00",13.380000114440918,13.380000114440918,13.289999961853027,13.324999809265137,13.324999809265137,30204
"RWAY","Runway Growth Finance Corp. - Common Stock","2021-12-28 13:30:00-05:00",13.324999809265137,13.56999969482422,13.279999732971191,13.350000381469728,13.350000381469728,31287
"RWAY","Runway Growth Finance Corp. - Common Stock","2021-12-28 14:30:00-05:00",13.364999771118164,13.390000343322754,13.329999923706056,13.350000381469728,13.350000381469728,20797
"RWAY","Runway Growth Finance Corp. - Common Stock","2021-12-28 15:30:00-05:00",13.359999656677246,13.380000114440918,13.279999732971191,13.289999961853027,13.289999961853027,26818
"RWAY","Runway Growth Finance Corp. - Common Stock","2021-12-28 16:00:00-05:00",13.3,13.3,13.3,13.3,13.3,750
"RWAY","Runway Growth Finance Corp. - Common Stock","2021-12-29 09:30:00-05:00",13.43000030517578,13.5600004196167,13.210000038146973,13.25,13.25,0
"RWAY","Runway Growth Finance Corp. - Common Stock","2021-12-29 10:30:00-05:00",13.25,13.25,13.010000228881836,13.140000343322754,13.140000343322754,36183
"RWAY","Runway Growth Finance Corp. - Common Stock","2021-12-29 11:30:00-05:00",13.15999984741211,13.18000030517578,13.039999961853027,13.100000381469728,13.100000381469728,20569
"RWAY","Runway Growth Finance Corp. - Common Stock","2021-12-29 12:30:00-05:00",13.09000015258789,13.1899995803833,13.029999732971191,13.0600004196167,13.0600004196167,17991
"RWAY","Runway Growth Finance Corp. - Common Stock","2021-12-29 13:30:00-05:00",13.05500030517578,13.09000015258789,12.899999618530272,12.960000038146973,12.960000038146973,36536
"RWAY","Runway Growth Finance Corp. - Common Stock","2021-12-29 14:30:00-05:00",12.954999923706056,12.979999542236328,12.8100004196167,12.835000038146973,12.835000038146973,35393
"RWAY","Runway Growth Finance Corp. - Common Stock","2021-12-29 15:30:00-05:00",12.835000038146973,13.044500350952148,12.829999923706056,12.850000381469728,12.850000381469728,33175
"RWAY","Runway Growth Finance Corp. - Common Stock","2021-12-29 16:00:00-05:00",12.91,12.91,12.91,12.91,12.91,1033
"RWAY","Runway Growth Finance Corp. - Common Stock","2021-12-30 09:30:00-05:00",13.010000228881836,13.520000457763672,13.010000228881836,13.020000457763672,13.020000457763672,0
"RWAY","Runway Growth Finance Corp. - Common Stock","2021-12-30 10:30:00-05:00",13.020000457763672,13.029999732971191,12.850000381469728,12.859999656677246,12.859999656677246,47843
"RWAY","Runway Growth Finance Corp. - Common Stock","2021-12-30 11:30:00-05:00",12.850000381469728,12.880000114440918,12.739999771118164,12.75,12.75,48560
"RWAY","Runway Growth Finance Corp. - Common Stock","2021-12-30 12:30:00-05:00",12.729999542236328,12.739999771118164,12.600000381469728,12.65999984741211,12.65999984741211,32096
"RWAY","Runway Growth Finance Corp. - Common Stock","2021-12-30 13:30:00-05:00",12.65999984741211,12.8100004196167,12.65999984741211,12.739999771118164,12.739999771118164,27163
"RWAY","Runway Growth Finance Corp. - Common Stock","2021-12-30 14:30:00-05:00",12.744999885559082,12.899999618530272,12.737600326538086,12.800000190734863,12.800000190734863,24105
"RWAY","Runway Growth Finance Corp. - Common Stock","2021-12-30 15:30:00-05:00",12.8100004196167,12.899999618530272,12.739999771118164,12.789999961853027,12.789999961853027,22494
"RWAY","Runway Growth Finance Corp. - Common Stock","2021-12-30 16:00:00-05:00",12.83,12.83,12.83,12.83,12.83,932
